Abbey Road,51.53195199,0.003723371,DLR
Abbey Wood,51.4907841,0.12027197,Elizabeth
Acton Central,51.50875778,-0.263430199,Overground
Acton Main Line,51.51688693,-0.267689952,Elizabeth
Acton Town,51.50307144,-0.280302701,District
Addington Village,51.35623859,-0.0326651,Tramlink
Addiscombe,51.37980829,-0.073213283,Tramlink
Albany Park,51.43581561,0.126444638,Southeastern
Aldgate,51.51434238,-0.075626913,Circle
Aldgate East,51.51508162,-0.073001463,District
Alexandra Palace,51.59826282,-0.120148972,Great Northern
All Saints,51.51047692,-0.012624885,DLR
Alperton,51.54120927,-0.299515759,Piccadilly
Amersham,51.67412932,-0.606513789,Chiltern Railways
Ampere Way,51.38229942,-0.123636799,Tramlink
Anerley,51.41251672,-0.0651371,Overground
Angel,51.53296802,-0.105581449,Northern
Angel Road,51.61242032,-0.048732919,Greater Anglia
Archway,51.56549053,-0.135121577,Northern
Arena,51.39152275,-0.05831855,Tramlink
Arnos Grove,51.61623014,-0.134270219,Piccadilly
Arsenal,51.55854138,-0.105499934,Piccadilly
Avenue Road,51.40679798,-0.049446937,Tramlink
Baker Street,51.52312962,-0.156904194,Bakerloo
Balham,51.44318256,-0.152685163,Northern
Bank,51.51334706,-0.089000124,Central
Banstead,51.32929312,-0.213132336,Southern
Barbican,51.52021528,-0.097721579,Circle
Barking,51.53952111,0.08083161,C2C
Barkingside,51.58585061,0.08847664,Central
Barnehurst,51.46478029,0.160948022,Southeastern
Barnes,51.46712777,-0.242033062,South Western
Barnes Bridge,51.47222805,-0.252362617,South Western
Barons Court,51.49022868,-0.213430145,District
Battersea Park,51.47731832,-0.148123762,Southern
Battersea Power Station,51.47949657,-0.142001353,Northern
Bayswater,51.51211129,-0.187901574,Circle
Beckenham Hill,51.42462606,-0.016495762,Thameslink
Beckenham Junction,51.41094164,-0.025701739,Southeastern
Beckenham Road,51.40952975,-0.043391922,Tramlink
Beckton,51.51437663,0.061525297,DLR
Beckton Park,51.50890079,0.054821939,DLR
Becontree,51.53958541,0.126880292,District
Beddington Lane,51.38923988,-0.142138434,Tramlink
Belgrave Walk,51.40096165,-0.178496474,Tramlink
Bellingham,51.43386489,-0.02041177,Thameslink
Belmont,51.34411992,-0.199489253,Southern
Belsize Park,51.55019088,-0.163974493,Northern
Belvedere,51.491959,0.152033792,Southeastern
Bermondsey,51.49796078,-0.06433009,Jubilee
Berrylands,51.39876841,-0.280321477,South Western
Bethnal Green,51.52719174,-0.055392112,Central
Bethnal Green Rail,51.52428274,-0.060013743,Overground
Bexley,51.44081453,0.148203913,Southeastern
Bexleyheath,51.46354996,0.133362965,Southeastern
Bickley,51.40037957,0.044304032,Southeastern
Birkbeck,51.40386309,-0.056286236,Southern
Blackfriars,51.51158693,-0.102995385,Circle
Blackheath,51.46540801,0.008336595,Southeastern
Blackhorse Lane,51.38474618,-0.070533948,Tramlink
Blackhorse Road,51.58577663,-0.039625712,Overground
Blackwall,51.50783154,-0.007235166,DLR
Bond Street,51.51379752,-0.14961361,Central
Borough,51.50104887,-0.094197323,Northern
Boston Manor,51.49576554,-0.324747189,Piccadilly
Bounds Green,51.60703192,-0.124177066,Piccadilly
Bow Church,51.5276152,-0.020499899,District
Bow Road,51.52704181,-0.024359591,District
Bowes Park,51.60724951,-0.119792219,Great Northern
Brent Cross,51.57659922,-0.213335841,Northern
Brentford,51.48753631,-0.309622537,South Western
Brentwood,51.61361034,0.299672816,Elizabeth
Brimsdown,51.65524461,-0.031092277,Greater Anglia
Brixton,51.4627368,-0.114552098,Southeastern
Brockley,51.46474966,-0.037748251,Overground
Bromley North,51.40894231,0.017235452,Southeastern
Bromley South,51.40000129,0.01735958,Southeastern
Bromley-by-Bow,51.5248402,-0.011682374,District
Brondesbury,51.54526236,-0.202838486,Overground
Brondesbury Park,51.54032537,-0.210473947,Overground
Broxbourne,51.74701557,-0.011024084,Greater Anglia
Bruce Grove,51.59401125,-0.07039899,Overground
Buckhurst Hill,51.62657666,0.046712541,Central
Burnham,51.52350505,-0.646388233,Elizabeth
Burnt Oak,51.60255191,-0.264330712,Northern
Bush Hill Park,51.64148196,-0.069280413,Overground
Bushey,51.64554416,-0.384721541,London Midland
Caledonian Road,51.54788544,-0.118360862,Piccadilly
Caledonian Road and Barnsbury,51.54328458,-0.115204857,Overground
Cambridge Heath,51.53205976,-0.057203201,Overground
Camden Road,51.54185123,-0.139203113,Overground
Camden Town,51.53996935,-0.142452381,Northern
Canada Water,51.49816841,-0.050807121,Jubilee
Canary Wharf,51.5035784,-0.01946684,DLR
Canning Town,51.51387029,0.008305633,DLR
Cannon Street,51.51136209,-0.090250527,Circle
Canonbury,51.54818839,-0.092574196,Overground
Canons Park,51.60765057,-0.294391597,Jubilee
Carpenders Park,51.62818672,-0.385829324,Overground
Carshalton,51.36842637,-0.166398328,Southern
Carshalton Beeches,51.35738684,-0.169496326,Southern
Castle Bar Park,51.52297367,-0.331504076,Great Western
Caterham,51.28216282,-0.078607299,Southern
Catford,51.44426491,-0.026538499,Thameslink
Catford Bridge,51.44469463,-0.024821876,Southeastern
Centrale,51.37576747,-0.103888104,Tramlink
Chadwell Heath,51.56804688,0.128901112,Elizabeth
Chafford Hundred,51.4855545,0.287475701,C2C
Chalfont and Latimer,51.66790748,-0.561067777,Chiltern Railways
Chalk Farm,51.54414909,-0.153733071,Northern
Chancery Lane,51.51849402,-0.111962027,Central
Charing Cross,51.50835863,-0.124802938,Bakerloo
Charlton,51.48683499,0.030941645,Southeastern
Cheam,51.35546024,-0.214211284,Southern
Chelsfield,51.35626458,0.10898412,Southeastern
Chesham,51.70538002,-0.611429657,Metropolitan
Cheshunt,51.70287331,-0.023887415,Greater Anglia
Chessington North,51.36424344,-0.300476129,South Western
Chessington South,51.35670453,-0.307089021,South Western
Chigwell,51.61785787,0.076179215,Central
Chingford,51.63325337,0.009514326,Overground
Chipstead,51.30927498,-0.169445869,Southern
Chislehurst,51.40559841,0.057491821,Southeastern
Chiswick,51.48078149,-0.267013322,South Western
Chiswick Park,51.49437071,-0.267736922,District
Chorleywood,51.65426593,-0.518333927,Chiltern Railways
Church Street,51.37370656,-0.104346829,Tramlink
City Thameslink,51.51393507,-0.103618449,Thameslink
Clapham Common,51.46180367,-0.138314902,Northern
Clapham High Street,51.46546951,-0.132464503,Overground
Clapham Junction,51.46436678,-0.170315002,Overground
Clapham North,51.46491621,-0.129910063,Northern
Clapham South,51.45267649,-0.14798407,Northern
Clapton,51.56156909,-0.057489458,Overground
Clock House,51.40854056,-0.040702093,Southeastern
Cockfosters,51.65202448,-0.149916711,Piccadilly
Colindale,51.59523052,-0.250287544,Northern
Colliers Wood,51.41875919,-0.1774151,Northern
Coombe Lane,51.35978931,-0.059531571,Tramlink
Coulsdon South,51.31580094,-0.13790309,Southern
Coulsdon Town,51.32245295,-0.134347057,Southern
Covent Garden,51.51276023,-0.124506895,Piccadilly
Crayford,51.44854676,0.178502716,Southeastern
Crews Hill,51.68447461,-0.106844101,Great Northern
Cricklewood,51.55842267,-0.212547934,Thameslink
Crofton Park,51.45517929,-0.036546582,Thameslink
Crossharbour and London Arena,51.49583998,-0.014932813,DLR
Crouch Hill,51.5713271,-0.117133285,Overground
Croxley,51.64700528,-0.441603798,Metropolitan
Crystal Palace,51.41817035,-0.072607233,Overground
Custom House,51.50962206,0.02577251,DLR
Cutty Sark for Maritime Greenwich,51.48194447,-0.010581867,DLR
Cyprus,51.50852658,0.063840756,DLR
Dagenham Dock,51.5262872,0.145031014,C2C
Dagenham East,51.54418734,0.165833432,District
Dagenham Heathway,51.54121179,0.14767972,District
Dalston Junction,51.54609372,-0.074994205,Overground
Dalston Kingsland,51.54866782,-0.076226922,Overground
Debden,51.645492,0.083801475,Central
Denmark Hill,51.46820064,-0.09098787,Overground
Deptford,51.47889008,-0.02619632,Southeastern
Deptford Bridge,51.47447677,-0.022052429,DLR
Devons Road,51.52225847,-0.018007754,DLR
Dollis Hill,51.55185059,-0.238797762,Jubilee
Drayton Green,51.51600468,-0.32961126,Great Western
Drayton Park,51.55307831,-0.1057702,Great Northern
Dundonald Road,51.41739815,-0.207527113,Tramlink
Ealing Broadway,51.51486197,-0.302010381,Central
Ealing Common,51.51024866,-0.287151418,District
Earls Court,51.49135667,-0.194313809,District
Earlsfield,51.44223881,-0.187272689,South Western
East Acton,51.51626341,-0.248112225,Central
East Croydon,51.3757161,-0.091863496,Southern
East Dulwich,51.46162558,-0.080436572,Southern
East Finchley,51.58733254,-0.164743886,Northern
East Ham,51.53924616,0.051516293,District
East India,51.50868401,-0.002370332,DLR
East Putney,51.45887978,-0.210998234,District
Eastcote,51.57655182,-0.396823299,Metropolitan
Eden Park,51.3907961,-0.026669716,Southeastern
Edgware,51.61422962,-0.275093666,Northern
Edgware Road (Bakerloo),51.52064536,-0.170539552,Bakerloo
Edgware Road (Circle/District/Hammersmith and City),51.51999804,-0.167668254,Circle
Edmonton Green,51.6251157,-0.061639019,Greater Anglia
Elephant and Castle,51.49584938,-0.100738715,Bakerloo
Elm Park,51.54912458,0.197252682,District
Elmers End,51.39829111,-0.049463832,Southeastern
Elmstead Woods,51.41708063,0.044229343,Southeastern
Elstree and Borehamwood,51.65287558,-0.279828619,Thameslink
Eltham,51.45566222,0.052329308,Southeastern
Elverson Road,51.46837219,-0.016816376,DLR
Embankment,51.50731249,-0.122367337,Bakerloo
Emerson Park,51.56911491,0.220222934,Overground
Enfield Chase,51.65272211,-0.090704205,Great Northern
Enfield Lock,51.67084612,-0.02839107,Greater Anglia
Enfield Town,51.65197007,-0.079329922,Overground
Epping,51.69368617,0.113825553,Central
Epsom Downs,51.32365944,-0.238970227,Southern
Erith,51.48164768,0.174261289,Southeastern
Essex Road,51.54063331,-0.096365526,Great Northern
Euston,51.52866433,-0.133296472,London Midland
Euston Square,51.52866433,-0.133296472,Circle
Ewell East,51.34524388,-0.241503001,Southern
Ewell West,51.34999114,-0.257089133,South Western
Fairlop,51.59610954,0.090593279,Central
Falconwood,51.4590858,0.078509693,Southeastern
Farringdon,51.52019569,-0.104843062,Circle
Feltham,51.44787917,-0.409824481,South Western
Fenchurch Street,51.51156671,-0.078554153,C2C
Fieldway,51.35131701,-0.024503265,Tramlink
Finchley Central,51.60090325,-0.193220637,Northern
Finchley Road,51.5470962,-0.180050561,Jubilee
Finchley Road and Frognal,51.5501195,-0.183651203,Overground
Finsbury Park,51.56463545,-0.105881486,Great Northern
Forest Gate,51.54931612,0.024189092,Elizabeth
Forest Hill,51.43930831,-0.053328504,Overground
Fulham Broadway,51.4802609,-0.195544164,District
Fulwell,51.43394257,-0.349438525,South Western
Gallions Reach,51.50903414,0.071775394,DLR
Gants Hill,51.57655295,0.066084098,Central
George Street,51.37396606,-0.098718105,Tramlink
Gidea Park,51.58186575,0.205976981,Elizabeth
Gipsy Hill,51.42446952,-0.083835168,Southern
Gloucester Road,51.49449956,-0.18354356,Circle
Golders Green,51.57221553,-0.194834559,Northern
Goldhawk Road,51.50207697,-0.227404006,Circle
Goodge Street,51.52061311,-0.13480769,Northern
Goodmayes,51.56618098,0.111729654,Elizabeth
Gordon Hill,51.66350224,-0.0944733,Great Northern
Gospel Oak,51.55540529,-0.151301033,Overground
Grange Hill,51.61348043,0.09227253,Central
Grange Park,51.64262308,-0.097314424,Great Northern
Gravel Hill,51.35454326,-0.043121699,Tramlink
Great Portland Street,51.5237888,-0.143961425,Circle
Green Park,51.50676048,-0.142477576,Jubilee
Greenford,51.54198007,-0.34587874,Central
Greenwich,51.47754766,-0.014863084,DLR
Grove Park,51.43043264,0.022598502,Southeastern
Gunnersbury,51.49186341,-0.275164136,District
Hackbridge,51.3778609,-0.153879198,Southern
Hackney Central,51.54725744,-0.055589512,Overground
Hackney Downs,51.54907809,-0.060185105,Greater Anglia
Hackney Wick,51.54355841,-0.025259503,Overground
Hadley Wood,51.66840287,-0.17658119,Great Northern
Haggerston,51.53868473,-0.075595258,Overground
Hainault,51.60284533,0.09410855,Central
Hammersmith (District),51.49181978,-0.222860929,District
Hammersmith (Met.),51.49348335,-0.224640157,Circle
Hampstead,51.5565426,-0.17801456,Northern
Hampstead Heath,51.55519992,-0.164566183,Overground
Hampton,51.41587955,-0.372135254,South Western
Hampton Court,51.40229388,-0.342757152,South Western
Hampton Wick,51.41464004,-0.31310361,South Western
Hanger Lane,51.53007203,-0.292996146,Central
Hanwell,51.51218596,-0.338051884,Elizabeth
Harlesden,51.53625833,-0.257495674,Bakerloo
Harold Wood,51.59320222,0.234204073,Elizabeth
Harringay,51.57735791,-0.105208253,Great Northern
Harringay Green Lanes,51.57714589,-0.098217392,Overground
Harrington Road,51.39979057,-0.060699955,Tramlink
Harrow and Wealdstone,51.59259463,-0.334252685,Bakerloo
Harrow-on-the-Hill,51.57938812,-0.337001517,Chiltern Railways
Hatch End,51.6098285,-0.369178781,Overground
Hatton Cross,51.4666853,-0.423380563,Piccadilly
Haydons Road,51.42545732,-0.188929359,Southern
Hayes,51.37573671,0.010142652,Southeastern
Hayes and Harlington,51.50304907,-0.420641904,Elizabeth
Headstone Lane,51.60249963,-0.356907514,Overground
Heathrow Terminal 4,51.45978043,-0.44772959,Elizabeth
Heathrow Terminal 5,51.47002543,-0.490647503,Elizabeth
Heathrow Terminals 1 2 3,51.4712894,-0.452407226,Elizabeth
Hendon,51.58007498,-0.238630521,Thameslink
Hendon Central,51.58313305,-0.22673414,Northern
Herne Hill,51.45399137,-0.102562908,Southeastern
Heron Quays,51.50338657,-0.021953532,DLR
High Barnet,51.65168825,-0.19416538,Northern
High Street Kensington,51.50072945,-0.191566058,Circle
Highams Park,51.60835599,-0.000135286,Overground
Highbury and Islington,51.54649551,-0.10408214,Great Northern
Highgate,51.57764662,-0.146934862,Northern
Hillingdon,51.55377752,-0.449897993,Metropolitan
Hither Green,51.45240172,-0.000970912,Southeastern
Holborn,51.51723574,-0.119840507,Central
Holland Park,51.50714648,-0.206557778,Central
Holloway Road,51.5528161,-0.112935697,Piccadilly
Homerton,51.54659545,-0.038512347,Overground
Honor Oak Park,51.45064824,-0.044153121,Overground
Hornchurch,51.55435511,0.218926997,District
Hornsey,51.58647485,-0.111815638,Great Northern
Hounslow,51.46250482,-0.361796256,South Western
Hounslow Central,51.47092577,-0.365958129,Piccadilly
Hounslow East,51.47370789,-0.355275322,Piccadilly
Hounslow West,51.47310572,-0.385707629,Piccadilly
Hoxton,51.53139161,-0.075585647,Overground
Hyde Park Corner,51.50258401,-0.152474114,Piccadilly
Ickenham,51.56082505,-0.441579513,Metropolitan
Ilford,51.55914224,0.068685191,Elizabeth
Imperial Wharf,51.47493893,-0.182837505,Overground
Island Gardens,51.48795009,-0.010493303,DLR
Isleworth,51.47503742,-0.337328765,South Western
Iver,51.50850213,-0.506740434,Elizabeth
Kenley,51.32460031,-0.101219713,Southern
Kennington,51.48866246,-0.105070613,Northern
Kensal Green,51.53052421,-0.224713384,Bakerloo
Kensal Rise,51.53421506,-0.220820979,Overground
Kensington (Olympia),51.4978797,-0.210379242,District
Kent House,51.41271766,-0.045815553,Southeastern
Kentish Town,51.55000952,-0.140471264,Northern
Kentish Town West,51.54654797,-0.14675641,Overground
Kenton,51.58149628,-0.315216867,Bakerloo
Kew Bridge,51.49000462,-0.288846495,South Western
Kew Gardens,51.47678914,-0.285381011,District
Kidbrooke,51.46269019,0.028300239,Southeastern
Kilburn,51.54694444,-0.204632719,Jubilee
Kilburn High Road,51.53726774,-0.191113106,Overground
Kilburn Park,51.53513554,-0.193966057,Bakerloo
King George V,51.50200861,0.062206214,DLR
King Henry's Drive,51.3453641,-0.020264757,Tramlink
King's Cross,51.53079819,-0.122756421,Great Northern
Kings Cross St. Pancras,51.53031246,-0.12387213,Circle
Kingsbury,51.58487652,-0.278601608,Jubilee
Kingston,51.41264176,-0.30114104,South Western
Kingswood,51.29472314,-0.211233226,Southern
Knightsbridge,51.5013549,-0.160664486,Piccadilly
Knockholt,51.34575194,0.130831039,Southeastern
Ladbroke Grove,51.51721067,-0.210198172,Circle
Ladywell,51.45619214,-0.019244401,Southeastern
Lambeth North,51.49912995,-0.111768261,Bakerloo
Lancaster Gate,51.51189094,-0.175429929,Central
Langdon Park,51.51888394,-0.015213799,DLR
Langley,51.50806166,-0.541770573,Elizabeth
Latimer Road,51.5139581,-0.217459666,Circle
Lea Bridge,51.56663626,-0.036683158,Greater Anglia
Lebanon Road,51.375199,-0.084973649,Tramlink
Lee,51.44945852,0.013364692,Southeastern
Leicester Square,51.51129118,-0.128242148,Northern
Lewisham,51.46488071,-0.012432701,DLR
Leyton,51.55813227,-0.006465332,Central
Leyton Midland Road,51.56936424,-0.008066347,Overground
Leytonstone,51.56852229,0.009140452,Central
Leytonstone High Road,51.56380734,0.008254469,Overground
Limehouse,51.51231216,-0.039380078,C2C
Liverpool Street,51.51759826,-0.082249622,C2C
Lloyd Park,51.36427554,-0.080746273,Tramlink
London Bridge,51.50467435,-0.086005598,Jubilee
London City Airport,51.50368966,0.047872715,DLR
London Fields,51.54071884,-0.057699686,Overground
Loughborough Junction,51.4666789,-0.102497342,Thameslink
Loughton,51.64157048,0.055279079,Central
Lower Sydenham,51.42484684,-0.033330342,Southeastern
Maida Vale,51.52999506,-0.185432647,Bakerloo
Maidenhead,51.51866861,-0.722674941,Elizabeth
Malden Manor,51.38460954,-0.261120416,South Western
Manor House,51.57074714,-0.095684976,Piccadilly
Manor Park,51.55285435,0.04572387,Elizabeth
Mansion House,51.51209175,-0.094197658,Circle
Marble Arch,51.51396549,-0.158571216,Central
Maryland,51.54566827,0.005681654,Elizabeth
Marylebone,51.52239667,-0.163492564,Bakerloo
Maze Hill,51.48301366,0.003204897,Southeastern
Meridian Water,51.60831179,-0.050959907,Greater Anglia
Merton Park,51.41339161,-0.201342031,Tramlink
Mile End,51.52531097,-0.032666084,Central
Mill Hill Broadway,51.61287113,-0.249537068,Thameslink
Mill Hill East,51.60831664,-0.209895713,Northern
Mitcham,51.39748861,-0.170871647,Tramlink
Mitcham Eastfields,51.40838391,-0.154001719,Southern
Mitcham Junction,51.39304257,-0.157436644,Southern
Monument,51.51063042,-0.086188314,Circle
Moor Park,51.62993067,-0.432913027,Metropolitan
Moorgate,51.51843714,-0.089017688,Circle
Morden,51.40218596,-0.194851982,Northern
Morden Road,51.40887189,-0.192805677,Tramlink
Morden South,51.3963077,-0.200301562,Southern
Mornington Crescent,51.53436222,-0.13874435,Northern
Mortlake,51.46816794,-0.267203314,South Western
Motspur Park,51.39531963,-0.239439746,South Western
Mottingham,51.43982498,0.050324202,Southeastern
Mudchute,51.49123619,-0.014959945,DLR
Neasden,51.55462772,-0.250115045,Jubilee
New Addington,51.34259051,-0.017383327,Tramlink
New Barnet,51.64853677,-0.172969714,Great Northern
New Beckenham,51.41670555,-0.035304949,Southeastern
New Cross,51.47642942,-0.032278812,Overground
New Cross Gate,51.47526493,-0.039529052,Overground
New Eltham,51.43769066,0.070444618,Southeastern
New Malden,51.40355591,-0.256218106,South Western
New Southgate,51.61409367,-0.143009776,Great Northern
Newbury Park,51.57563836,0.090303158,Central
Nine Elms,51.48000126,-0.128500984,Northern
Norbiton,51.41190935,-0.284199948,South Western
Norbury,51.4111885,-0.122799402,Southern
North Acton,51.52343243,-0.259729528,Central
North Dulwich,51.45448181,-0.087918681,Southern
North Ealing,51.51762229,-0.288993553,Piccadilly
North Greenwich,51.50025515,0.003586259,Jubilee
North Harrow,51.5846313,-0.362632993,Metropolitan
North Sheen,51.46541961,-0.286397467,South Western
North Wembley,51.56239629,-0.303948219,Bakerloo
Northfields,51.50049167,-0.315064819,Piccadilly
Northolt,51.5482129,-0.368440596,Central
Northolt Park,51.55761905,-0.359434196,Chiltern Railways
Northumberland Park,51.60201573,-0.054132026,Greater Anglia
Northwick Park,51.57850869,-0.318199392,Metropolitan
Northwood,51.61121361,-0.423837787,Metropolitan
Northwood Hills,51.60080265,-0.409311358,Metropolitan
Norwood Junction,51.39695432,-0.075209857,Overground
Notting Hill Gate,51.50937534,-0.195921618,Central
Nunhead,51.46657998,-0.053679743,Southeastern
Oakleigh Park,51.63767636,-0.166194967,Great Northern
Oakwood,51.64763796,-0.13185354,Piccadilly
Ockendon,51.52198965,0.290483475,C2C
Old Street,51.52558147,-0.087622958,Great Northern
Orpington,51.37352005,0.089028901,Southeastern
Osterley,51.48121681,-0.352096096,Piccadilly
Oval,51.4814126,-0.113321076,Northern
Oxford Circus,51.5152234,-0.140836171,Bakerloo
Paddington,51.51539379,-0.175736752,Bakerloo
Palmers Green,51.61878675,-0.1102725,Great Northern
Park Royal,51.52683402,-0.284928918,Piccadilly
Parsons Green,51.47496015,-0.201124492,District
Peckham Rye,51.46951136,-0.069983553,Overground
Penge East,51.41997535,-0.054495265,Southeastern
Penge West,51.41806293,-0.060645765,Overground
Perivale,51.53634182,-0.323070422,Central
Petts Wood,51.38859899,0.07448003,Southeastern
Phipps Bridge,51.40337673,-0.182296789,Tramlink
Piccadilly Circus,51.50969675,-0.133711597,Bakerloo
Pimlico,51.48955286,-0.133108258,Victoria
Pinner,51.59236168,-0.38122379,Metropolitan
Plaistow,51.53128834,0.017780642,District
Plumstead,51.48979242,0.084299617,Southeastern
Ponders End,51.64273069,-0.034525105,Greater Anglia
Pontoon Dock,51.50221622,0.033325707,DLR
Poplar,51.50758807,-0.017275493,DLR
Preston Road,51.57210373,-0.294972013,Metropolitan
Prince Regent,51.50943455,0.033488574,DLR
Pudding Mill Lane,51.53432785,-0.012768512,DLR
Purfleet,51.48117301,0.236774836,C2C
Purley,51.33736355,-0.113613518,Southern
Purley Oaks,51.34698934,-0.098815333,Southern
Putney,51.46095253,-0.216603374,South Western
Putney Bridge,51.46786534,-0.209365417,District
Queens Park,51.53431265,-0.204798149,Bakerloo
Queens Road Peckham,51.47428471,-0.057354979,Overground
Queensbury,51.59388298,-0.286331597,Jubilee
Queenstown Road,51.47495913,-0.147355312,South Western
Queensway,51.51044923,-0.187419903,Central
Rainham,51.51734052,0.190691975,C2C
Ravensbourne,51.41387038,-0.006937816,Thameslink
Ravenscourt Park,51.49406798,-0.235969233,District
Rayners Lane,51.57539673,-0.371060814,Piccadilly
Raynes Park,51.40937535,-0.229912939,South Western
Reading,51.45878616,-0.971877676,Elizabeth
Rectory Road,51.55876348,-0.068385665,Overground
Redbridge,51.57636692,0.045394044,Central
Reedham,51.33144171,-0.123402624,Southern
Reeves Corner,51.3752772,-0.106379778,Tramlink
Regents Park,51.52381067,-0.145344411,Bakerloo
Richmond,51.46323289,-0.301739134,District
Rickmansworth,51.64032301,-0.473684584,Chiltern Railways
Riddlesdown,51.33267483,-0.099493667,Southern
Roding Valley,51.61695645,0.044026207,Central
Romford,51.57464159,0.183055272,Elizabeth
Rotherhithe,51.5015945,-0.052966296,Overground
Royal Albert,51.50849387,0.045177145,DLR
Royal Oak,51.51829435,-0.188823674,Circle
Royal Victoria,51.50905524,0.017965413,DLR
Ruislip,51.57216192,-0.421234926,Metropolitan
Ruislip Gardens,51.55996018,-0.409294111,Central
Ruislip Manor,51.57345157,-0.412849354,Metropolitan
Russell Square,51.52301304,-0.124590198,Piccadilly
Sanderstead,51.34824625,-0.0937085,Southern
Sandilands,51.37502227,-0.07802659,Tramlink
Selhurst,51.39218577,-0.089899037,Southern
Seven Kings,51.56399335,0.096319575,Elizabeth
Seven Sisters,51.58336216,-0.072466823,Greater Anglia
Shadwell,51.51130016,-0.056919207,DLR
Shenfield,51.6308731,0.329952264,Elizabeth
Shepherds Bush,51.50453215,-0.218519159,Central
Shepherds Bush Market,51.50588071,-0.227400493,Circle
Shoreditch High Street,51.52346682,-0.077087425,Overground
Shortlands,51.40560237,0.002767544,Southeastern
Sidcup,51.43439846,0.103315359,Southeastern
Silver Street,51.61524248,-0.072589742,Overground
Slade Green,51.46774766,0.190518388,Southeastern
Sloane Square,51.49235976,-0.156488857,Circle
Slough,51.51187985,-0.591524846,Elizabeth
Snaresbrook,51.58089127,0.021463928,Central
South Acton,51.49968583,-0.270215208,Overground
South Bermondsey,51.48767662,-0.054754821,Southern
South Croydon,51.3627502,-0.092517363,Southern
South Ealing,51.50164402,-0.307040245,Piccadilly
South Greenford,51.53402756,-0.336737482,Great Western
South Hampstead,51.54147685,-0.1783712,Overground
South Harrow,51.56468017,-0.351893971,Piccadilly
South Kensington,51.49407137,-0.173923023,Circle
South Kenton,51.57104445,-0.308142977,Bakerloo
South Merton,51.40324056,-0.205550301,Southern
South Quay,51.50086361,-0.018460693,DLR
South Ruislip,51.5568903,-0.39911591,Central
South Tottenham,51.58040259,-0.071855957,Overground
South Wimbledon,51.41536071,-0.191974546,Northern
South Woodford,51.59155262,0.027943078,Central
Southall,51.50595691,-0.37871119,Elizabeth
Southbury,51.64843373,-0.052983311,Overground
Southfields,51.44488331,-0.206609386,District
Southgate,51.63237585,-0.127770047,Piccadilly
Southwark,51.50385362,-0.10579494,Jubilee
St Helier,51.38991216,-0.199014592,Southern
St James Street,51.58060866,-0.032804562,Overground
St Johns,51.46897529,-0.023240662,Southeastern
St Margarets,51.45520599,-0.321324248,South Western
St Mary Cray,51.39475941,0.1072179,Southeastern
St Pancras,51.5305544,-0.125505782,Thameslink
St. James's Park,51.49960979,-0.133878755,Circle
St. Johns Wood,51.53485441,-0.17406484,Jubilee
St. Pauls,51.5148353,-0.097571001,Central
Stamford Brook,51.49444997,-0.24524631,District
Stamford Hill,51.5744476,-0.076668342,Overground
Stanmore,51.61967344,-0.303099293,Jubilee
Star Lane,51.52060425,0.004191003,DLR
Stepney Green,51.52199583,-0.047382523,District
Stockwell,51.47215926,-0.122846304,Northern
Stoke Newington,51.56463761,-0.072335395,Overground
Stonebridge Park,51.54398655,-0.275400442,Bakerloo
Stoneleigh,51.36336405,-0.248709657,South Western
Stratford,51.54169258,-0.003751641,C2C
Stratford High Street,51.53814895,-0.001080356,DLR
Stratford International,51.54480853,-0.008778434,DLR
Strawberry Hill,51.43974783,-0.339617731,South Western
Streatham,51.42584586,-0.132325497,Southern
Streatham Common,51.41898467,-0.135726165,Southern
Streatham Hill,51.43846037,-0.127681481,Southern
Sudbury and Harrow Road,51.55449378,-0.315926242,Chiltern Railways
Sudbury Hill,51.55733956,-0.336392115,Piccadilly
Sudbury Hill Harrow,51.55834227,-0.335446693,Chiltern Railways
Sudbury Town,51.55139744,-0.316343486,Piccadilly
Sundridge Park,51.4133938,0.020365109,Southeastern
Surbiton,51.39259953,-0.30438456,South Western
Surrey Quays,51.49326686,-0.047529988,Overground
Sutton,51.35950614,-0.191302011,Southern
Sutton Common,51.37555469,-0.196919912,Southern
Swiss Cottage,51.54303485,-0.175626604,Jubilee
Sydenham,51.42734125,-0.055088671,Overground
Sydenham Hill,51.43257589,-0.080230208,Southeastern
Syon Lane,51.48147469,-0.326495035,South Western
Tadworth,51.29162786,-0.236008016,Southern
Taplow,51.52356196,-0.681384879,Elizabeth
Tattenham Corner,51.30918131,-0.242566273,Southern
Teddington,51.4244975,-0.332705337,South Western
Temple,51.51104061,-0.11372575,Circle
Thames Ditton,51.38861607,-0.338292838,South Western
Theobalds Grove,51.69237259,-0.034748134,Overground
Therapia Lane,51.38568579,-0.129017107,Tramlink
Theydon Bois,51.67255208,0.102890736,Central
Thornton Heath,51.39848108,-0.100433165,Southern
Tolworth,51.37684332,-0.279620115,South Western
Tooting,51.41989663,-0.161002472,Southern
Tooting Bec,51.43583806,-0.159700492,Northern
Tooting Broadway,51.42704914,-0.168684527,Northern
Tottenham Court Road,51.51621087,-0.131110439,Central
Tottenham Hale,51.58799778,-0.060187823,Greater Anglia
Totteridge and Whetstone,51.63024672,-0.179354263,Northern
Tower Gateway,51.51039264,-0.074409877,DLR
Tower Hill,51.51039427,-0.076701198,Circle
Tufnell Park,51.5564408,-0.137742175,Northern
Tulse Hill,51.43979743,-0.105122509,Southern
Turkey Street,51.67265366,-0.047229931,Overground
Turnham Green,51.49518194,-0.254524568,District
Turnpike Lane,51.59035813,-0.102805041,Piccadilly
Twickenham,51.45025095,-0.328860226,South Western
Twyford,51.47553394,-0.863307037,Elizabeth
Upminster,51.55876336,0.251400801,C2C
Upminster Bridge,51.5577188,0.234541889,District
Upney,51.53840565,0.101531744,District
Upper Holloway,51.5636233,-0.129109364,Overground
Upper Warlingham,51.30877225,-0.077481662,Southern
Upton Park,51.5366282,0.03454184,District
Uxbridge,51.54645451,-0.47710156,Metropolitan
Vauxhall,51.4857358,-0.123829953,South Western
Victoria,51.49642395,-0.143920706,Circle
Waddon,51.36737926,-0.117394077,Southern
Waddon Marsh,51.37708295,-0.117987465,Tramlink
Wallington,51.36033154,-0.150863835,Southern
Waltham Cross,51.68525726,-0.026564257,Greater Anglia
Walthamstow Central,51.58301811,-0.019940545,Overground
Walthamstow Queens Road,51.58154619,-0.023843943,Overground
Wandle Park,51.37340072,-0.113253321,Tramlink
Wandsworth Common,51.4463656,-0.163536981,Southern
Wandsworth Road,51.4702232,-0.139037676,Overground
Wandsworth Town,51.46103408,-0.187910038,South Western
Wanstead,51.57490215,0.028760472,Central
Wanstead Park,51.55177808,0.026389943,Overground
Wapping,51.50434032,-0.055860815,Overground
Warren Street,51.52457999,-0.138278332,Northern
Warwick Avenue,51.52310444,-0.182953293,Bakerloo
Waterloo,51.50314664,-0.113259252,Bakerloo
Waterloo East,51.50416861,-0.109153638,Southeastern
Watford,51.6576051,-0.417270007,Metropolitan
Watford High Street,51.6526537,-0.391696729,Overground
Watford Junction,51.66388301,-0.396171957,London Midland
Wellesley Road,51.37536754,-0.097524909,Tramlink
Welling,51.46477709,0.101775038,Southeastern
Wembley Central,51.55186478,-0.296392327,Bakerloo
Wembley Park,51.56332246,-0.279242553,Jubilee
Wembley Stadium,51.55465457,-0.286046447,Chiltern Railways
West Acton,51.51777015,-0.280657175,Central
West Brompton,51.48732891,-0.195538812,District
West Croydon,51.37855217,-0.102034293,Overground
West Drayton,51.51007122,-0.472176097,Elizabeth
West Dulwich,51.44091182,-0.090672676,Southeastern
West Ealing,51.51362521,-0.319782955,Elizabeth
West Finchley,51.60926273,-0.18891711,Northern
West Ham,51.52852552,0.005317394,C2C
West Hampstead,51.54747433,-0.191126586,Jubilee
West Hampstead Thameslink,51.54862912,-0.19253752,Thameslink
West Harrow,51.57892424,-0.353846697,Metropolitan
West India Quay,51.50676266,-0.020582447,DLR
West Kensington,51.49010936,-0.206203695,District
West Norwood,51.43124112,-0.103189135,Southern
West Ruislip,51.56958787,-0.437860146,Central
West Silvertown,51.50288443,0.022246047,DLR
West Sutton,51.36615014,-0.204644548,Southern
West Wickham,51.3812842,-0.01457633,Southeastern
Westbourne Park,51.52098884,-0.200882515,Circle
Westcombe Park,51.4845089,0.0177457,Southeastern
Westferry,51.50963815,-0.026323137,DLR
Westminster,51.50140159,-0.125002079,Circle
White City,51.51223244,-0.224631931,Central
White Hart Lane,51.60503477,-0.070870327,Overground
Whitechapel,51.51958779,-0.059420485,District
Whitton,51.44958819,-0.357682061,South Western
Whyteleafe,51.30992932,-0.081135165,Southern
Whyteleafe South,51.3034898,-0.076712515,Southern
Willesden Green,51.54937329,-0.222407604,Jubilee
Willesden Junction,51.53223396,-0.243909143,Bakerloo
Wimbledon,51.42110784,-0.206662836,District
Wimbledon Chase,51.40953093,-0.21408977,Southern
Wimbledon Park,51.43458095,-0.199186275,District
Winchmore Hill,51.63388686,-0.100916933,Great Northern
Wood Green,51.59745373,-0.109526589,Piccadilly
Wood Lane,51.50965819,-0.224472609,Circle
Wood Street,51.58666994,-0.001953898,Overground
Woodford,51.60720184,0.034056202,Central
Woodgrange Park,51.54905254,0.044572496,Overground
Woodmansterne,51.31901858,-0.154262129,Southern
Woodside,51.38709768,-0.065347178,Tramlink
Woodside Park,51.6178684,-0.185425505,Northern
Woolwich,51.49157837,0.071819378,Elizabeth
Woolwich Arsenal,51.48990712,0.069193906,DLR
Woolwich Dockyard,51.49110779,0.054612348,Southeastern
Worcester Park,51.38110449,-0.245575292,South Western
